ALTER TABLE `personas` AUTO_INCREMENT=1;
INSERT INTO `personas` (`nombre`, `apellidos`, `edad`, `created_at`, `updated_at`) VALUES
('María', 'García Pérez', 30, NOW(), NOW()),
('Pedro', 'Sánchez Fernández', 41, NOW(), NOW()),
('Lucía', 'González Rodríguez', 28, NOW(), NOW()),
('Pablo', 'Martínez Ruiz', 35, NOW(), NOW()),
('Ana', 'López González', 26, NOW(), NOW()),
('Javier', 'Ruiz Romero', 33, NOW(), NOW()),
('Sofía', 'Hernández Pérez', 24, NOW(), NOW()),
('José', 'Gómez Sánchez', 47, NOW(), NOW()),
('Elena', 'Díaz García', 29, NOW(), NOW()),
('Miguel', 'Torres Rodríguez', 31, NOW(), NOW()),
('Laura', 'Fernández Ramírez', 25, NOW(), NOW()),
('Juan', 'Martínez Gutiérrez', 38, NOW(), NOW()),
('Carmen', 'García Torres', 42, NOW(), NOW()),
('Andrés', 'Vázquez García', 29, NOW(), NOW()),
('Marta', 'Jiménez Sánchez', 33, NOW(), NOW()),
('Carlos', 'Hernández Pérez', 27, NOW(), NOW()),
('Isabel', 'Fernández Ruiz', 48, NOW(), NOW()),
('Mario', 'González García', 22, NOW(), NOW()),
('Lidia', 'Rodríguez Torres', 31, NOW(), NOW()),
('Roberto', 'Pérez López', 36, NOW(), NOW()),
('Ana', 'Sánchez Rodríguez', 26, NOW(), NOW()),
('David', 'García Ramírez', 41, NOW(), NOW()),
('Marina', 'González Fernández', 30, NOW(), NOW()),
('Adrián', 'Pérez García', 24, NOW(), NOW()),
('Sara', 'Martínez Torres', 39, NOW(), NOW()),
('Francisco', 'Ruiz Sánchez', 45, NOW(), NOW()),
('Alicia', 'López García', 28, NOW(), NOW()),
('Antonio', 'Fernández Sánchez', 37, NOW(), NOW()),
('Eva', 'García González', 32, NOW(), NOW()),
('Manuel', 'Torres Ruiz', 43, NOW(), NOW());

ALTER TABLE `trabajadors` AUTO_INCREMENT=1;
INSERT INTO trabajadors (id, persona_id, created_at, updated_at) VALUES
(1, 1, NOW(), NOW()),
(2, 2, NOW(), NOW()),
(3, 3, NOW(), NOW()),
(4, 4, NOW(), NOW()),
(5, 5, NOW(), NOW()),
(6, 6, NOW(), NOW()),
(7, 7, NOW(), NOW()),
(8, 8, NOW(), NOW()),
(9, 9, NOW(), NOW()),
(10, 10, NOW(), NOW()),
(11, 11, NOW(), NOW()),
(12, 12, NOW(), NOW()),
(13, 13, NOW(), NOW()),
(14, 14, NOW(), NOW()),
(15, 15, NOW(), NOW()),
(16, 16, NOW(), NOW()),
(17, 17, NOW(), NOW()),
(18, 18, NOW(), NOW()),
(19, 19, NOW(), NOW()),
(20, 20, NOW(), NOW()),
(21, 21, NOW(), NOW()),
(22, 22, NOW(), NOW()),
(23, 23, NOW(), NOW()),
(24, 24, NOW(), NOW()),
(25, 25, NOW(), NOW()),
(26, 26, NOW(), NOW()),
(27, 27, NOW(), NOW()),
(28, 28, NOW(), NOW()),
(29, 29, NOW(), NOW()),
(30, 30, NOW(), NOW());

ALTER TABLE `gerentes` AUTO_INCREMENT=1;
INSERT INTO gerentes (id, salario, trabajador_id, created_at, updated_at) VALUES
(1, 3000.50, 1, NOW(), NOW()),
(2, 3500.25, 2, NOW(), NOW()),
(3, 4000.00, 4, NOW(), NOW()),
(4, 3200.75, 5, NOW(), NOW()),
(5, 2900.00, 8, NOW(), NOW()),
(6, 3800.50, 10, NOW(), NOW()),
(7, 4200.75, 11, NOW(), NOW()),
(8, 2800.00, 12, NOW(), NOW()),
(9, 3700.50, 13, NOW(), NOW()),
(10, 3200.25, 14, NOW(), NOW()),
(11, 4500.00, 15, NOW(), NOW()),
(12, 3900.75, 16, NOW(), NOW()),
(13, 3100.00, 17, NOW(), NOW()),
(14, 4200.50, 18, NOW(), NOW()),
(15, 3600.25, 19, NOW(), NOW());

ALTER TABLE `empleados` AUTO_INCREMENT=1;
INSERT INTO `empleados` (`id`, `horas_trabajadas`, `precio_por_hora`, `trabajador_id`, `created_at`, `updated_at`) VALUES
(1, 8, 10, 3, NOW(), NOW()),
(2, 6, 12, 6, NOW(), NOW()),
(3, 4, 15, 7, NOW(), NOW()),
(4, 10, 8, 9, NOW(), NOW()),
(5, 9, 11, 20, NOW(), NOW()),
(6, 7, 13, 21, NOW(), NOW()),
(7, 5, 16, 22, NOW(), NOW()),
(8, 8, 14, 23, NOW(), NOW()),
(9, 6, 9, 24, NOW(), NOW()),
(10, 10, 7, 25, NOW(), NOW()),
(11, 12, 9, 26, NOW(), NOW()),
(12, 3, 20, 27, NOW(), NOW()),
(13, 8, 12, 28, NOW(), NOW()),
(14, 6, 15, 29, NOW(), NOW()),
(15, 4, 18, 30, NOW(), NOW());

ALTER TABLE `telefonos` AUTO_INCREMENT=1;
INSERT INTO `telefonos` (`id`, `numero_telefono`, `trabajador_id`, `created_at`, `updated_at`) VALUES
(1, '600123456', 1, NOW(), NOW()),
(2, '600345678', 1, NOW(), NOW()),
(3, '600567890', 3, NOW(), NOW()),
(4, '600789012', 4, NOW(), NOW()),
(5, '600901234', 5, NOW(), NOW()),
(6, '600123456', 5, NOW(), NOW()),
(7, '600345678', 5, NOW(), NOW()),
(8, '600567890', 8, NOW(), NOW()),
(9, '600789012', 12, NOW(), NOW()),
(10, '601901234', 15, NOW(), NOW()),
(11, '602123456', 16, NOW(), NOW()),
(12, '602345678', 17, NOW(), NOW()),
(13, '602567890', 17, NOW(), NOW()),
(14, '602789012', 18, NOW(), NOW()),
(15, '602901234', 20, NOW(), NOW()),
(16, '603123456', 21, NOW(), NOW()),
(17, '603345678', 21, NOW(), NOW()),
(18, '603567890', 22, NOW(), NOW()),
(19, '603789012', 22, NOW(), NOW()),
(20, '603901234', 24, NOW(), NOW()),
(21, '604321098', 25, NOW(), NOW()),
(22, '604543210', 28, NOW(), NOW()),
(23, '604765432', 29, NOW(), NOW()),
(24, '604987654', 30, NOW(), NOW()),
(25, '605109876', 30, NOW(), NOW()),
(26, '605332098', 30, NOW(), NOW()),
(27, '605554321', 3, NOW(), NOW()),
(28, '605776543', 3, NOW(), NOW()),
(29, '605998765', 3, NOW(), NOW()),
(30, '606110987', 4, NOW(), NOW());